[
  {
    "nome": "Ana Carolina Silva",
    "comentario": "Sistema muito intuitivo! Consegui configurar tudo em poucos minutos. Parabéns pela interface limpa.",
    "imagem_perfil": "https://randomuser.me/api/portraits/women/1.jpg"
  },
  {
    "nome": "Carlos Eduardo Santos",
    "comentario": "Excelente plataforma para gerenciar projetos. A velocidade de carregamento surpreendeu.",
    "imagem_perfil": "https://randomuser.me/api/portraits/men/1.jpg"
  },
  {
    "nome": "Maria Fernanda Costa",
    "comentario": "Design moderno e responsivo. Funciona perfeitamente no celular e desktop.",
    "imagem_perfil": "https://randomuser.me/api/portraits/women/2.jpg"
  },
  {
    "nome": "João Pedro Oliveira",
    "comentario": "Muito bom! A organização dos dados facilita muito o trabalho diário.",
    "imagem_perfil": "https://randomuser.me/api/portraits/men/2.jpg"
  },
  {
    "nome": "Larissa Monteiro",
    "comentario": "Interface elegante e fácil de usar. Recomendo para qualquer empresa.",
    "imagem_perfil": "https://randomuser.me/api/portraits/women/3.jpg"
  },
  {
    "nome": "Rafael Pereira",
    "comentario": "Sistema completo, mas senti falta de mais opções de personalização nos relatórios.",
    "imagem_perfil": "https://randomuser.me/api/portraits/men/3.jpg"
  },
  {
    "nome": "Camila Rodrigues",
    "comentario": "Adorei as animações! Deixam a experiência muito mais agradável.",
    "imagem_perfil": "https://randomuser.me/api/portraits/women/4.jpg"
  },
  {
    "nome": "Bruno Almeida",
    "comentario": "Plataforma robusta e bem estruturada. Atende todas as necessidades da nossa equipe.",
    "imagem_perfil": "https://randomuser.me/api/portraits/men/4.jpg"
  },
  {
    "nome": "Juliana Martins",
    "comentario": "Cadastro super rápido! Em menos de 2 minutos já estava usando o sistema.",
    "imagem_perfil": "https://randomuser.me/api/portraits/women/5.jpg"
  },
  {
    "nome": "Lucas Ferreira",
    "comentario": "Ótima ferramenta, mas seria legal ter integração com Google Calendar.",
    "imagem_perfil": "https://randomuser.me/api/portraits/men/5.jpg"
  },
  {
    "nome": "Beatriz Lima",
    "comentario": "Design minimalista que não cansa os olhos. Muito bem pensado!",
    "imagem_perfil": "https://randomuser.me/api/portraits/women/6.jpg"
  },
  {
    "nome": "Thiago Souza",
    "comentario": "Sistema estável e confiável. Nunca tive problemas de instabilidade.",
    "imagem_perfil": "https://randomuser.me/api/portraits/men/6.jpg"
  },
  {
    "nome": "Gabriela Nascimento",
    "comentario": "Interface intuitiva, mas o carregamento das imagens poderia ser mais rápido.",
    "imagem_perfil": "https://randomuser.me/api/portraits/women/7.jpg"
  },
  {
    "nome": "Felipe Barbosa",
    "comentario": "Excelente! A navegação é fluida e os recursos são bem organizados.",
    "imagem_perfil": "https://randomuser.me/api/portraits/men/7.jpg"
  },
  {
    "nome": "Isabela Dias",
    "comentario": "Muito prático para acompanhar o progresso dos projetos em tempo real.",
    "imagem_perfil": "https://randomuser.me/api/portraits/women/8.jpg"
  },
  {
    "nome": "Rodrigo Gomes",
    "comentario": "Sistema bem pensado, mas faltam alguns atalhos de teclado para agilizar o uso.",
    "imagem_perfil": "https://randomuser.me/api/portraits/men/8.jpg"
  },
  {
    "nome": "Amanda Torres",
    "comentario": "Adorei o modo escuro! Muito mais confortável para trabalhar à noite.",
    "imagem_perfil": "https://randomuser.me/api/portraits/women/9.jpg"
  },
  {
    "nome": "Diego Castro",
    "comentario": "Plataforma excepcional! Aumentou nossa produtividade em 40%.",
    "imagem_perfil": "https://randomuser.me/api/portraits/men/9.jpg"
  },
  {
    "nome": "Natália Ribeiro",
    "comentario": "Interface limpa e moderna. Os gráficos são muito claros e informativos.",
    "imagem_perfil": "https://randomuser.me/api/portraits/women/10.jpg"
  },
  {
    "nome": "Gustavo Cardoso",
    "comentario": "Muito bom, mas seria útil ter notificações push no navegador.",
    "imagem_perfil": "https://randomuser.me/api/portraits/men/10.jpg"
  },
  {
    "nome": "Vanessa Moreira",
    "comentario": "Sistema robusto e bem documentado. Fácil de treinar a equipe.",
    "imagem_perfil": "https://randomuser.me/api/portraits/women/11.jpg"
  },
  {
    "nome": "André Mendes",
    "comentario": "Excelente performance! Funciona bem mesmo com muitos dados carregados.",
    "imagem_perfil": "https://randomuser.me/api/portraits/men/11.jpg"
  },
  {
    "nome": "Patricia Araujo",
    "comentario": "Design responsivo perfeito. A experiência é consistente em todos os dispositivos.",
    "imagem_perfil": "https://randomuser.me/api/portraits/women/12.jpg"
  },
  {
    "nome": "Marcelo Cunha",
    "comentario": "Ótima ferramenta, mas o processo de recuperação de senha é um pouco confuso.",
    "imagem_perfil": "https://randomuser.me/api/portraits/men/12.jpg"
  },
  {
    "nome": "Fernanda Lopes",
    "comentario": "Muito satisfeita! O suporte técnico é rápido e eficiente.",
    "imagem_perfil": "https://randomuser.me/api/portraits/women/13.jpg"
  },
  {
    "nome": "Roberto Silva",
    "comentario": "Sistema bem estruturado, mas falta exportação em diferentes formatos.",
    "imagem_perfil": "https://randomuser.me/api/portraits/men/13.jpg"
  },
  {
    "nome": "Cristina Ramos",
    "comentario": "Interface elegante e funcional. Os ícones são muito bem escolhidos.",
    "imagem_perfil": "https://randomuser.me/api/portraits/women/14.jpg"
  },
  {
    "nome": "Paulo Henrique",
    "comentario": "Plataforma incrível! Simplificou completamente nosso fluxo de trabalho.",
    "imagem_perfil": "https://randomuser.me/api/portraits/men/14.jpg"
  },
  {
    "nome": "Marina Santos",
    "comentario": "Muito prático e intuitivo. Não precisei de treinamento para começar a usar.",
    "imagem_perfil": "https://randomuser.me/api/portraits/women/15.jpg"
  },
  {
    "nome": "Leandro Costa",
    "comentario": "Boa ferramenta, mas seria interessante ter mais templates prontos para relatórios.",
    "imagem_perfil": "https://randomuser.me/api/portraits/men/15.jpg"
  },
  {
    "nome": "Daniela Freitas",
    "comentario": "Sistema estável e seguro. Confiamos totalmente para dados sensíveis.",
    "imagem_perfil": "https://randomuser.me/api/portraits/women/16.jpg"
  },
  {
    "nome": "Vitor Machado",
    "comentario": "Excelente plataforma! A sincronização entre dispositivos funciona perfeitamente.",
    "imagem_perfil": "https://randomuser.me/api/portraits/men/16.jpg"
  },
  {
    "nome": "Renata Campos",
    "comentario": "Interface amigável e bem organizada. Recomendo para startups.",
    "imagem_perfil": "https://randomuser.me/api/portraits/women/17.jpg"
  },
  {
    "nome": "Henrique Duarte",
    "comentario": "Muito bom, mas o sistema poderia ter mais opções de filtros avançados.",
    "imagem_perfil": "https://randomuser.me/api/portraits/men/17.jpg"
  },
  {
    "nome": "Carolina Moura",
    "comentario": "Adorei as cores e tipografia! Design muito profissional e moderno.",
    "imagem_perfil": "https://randomuser.me/api/portraits/women/18.jpg"
  },
  {
    "nome": "Gabriel Rocha",
    "comentario": "Sistema completo e bem desenvolvido. Atende todas nossas necessidades.",
    "imagem_perfil": "https://randomuser.me/api/portraits/men/18.jpg"
  },
  {
    "nome": "Priscila Neves",
    "comentario": "Muito prático para gestão de equipes. Interface clara e objetiva.",
    "imagem_perfil": "https://randomuser.me/api/portraits/women/19.jpg"
  },
  {
    "nome": "Alexandre Vieira",
    "comentario": "Plataforma robusta, mas seria bom ter integração com outras ferramentas.",
    "imagem_perfil": "https://randomuser.me/api/portraits/men/19.jpg"
  },
  {
    "nome": "Carla Menezes",
    "comentario": "Sistema excepcional! Melhorou significativamente nossa organização interna.",
    "imagem_perfil": "https://randomuser.me/api/portraits/women/20.jpg"
  },
  {
    "nome": "Eduardo Pinto",
    "comentario": "Interface intuitiva e bem projetada. Fácil adaptação para toda equipe.",
    "imagem_perfil": "https://randomuser.me/api/portraits/men/20.jpg"
  },
  {
    "nome": "Lívia Correia",
    "comentario": "Muito satisfeita com a velocidade e estabilidade do sistema.",
    "imagem_perfil": "https://randomuser.me/api/portraits/women/21.jpg"
  },
  {
    "nome": "Fabio Teixeira",
    "comentario": "Ótima ferramenta, mas falta um modo offline para situações sem internet.",
    "imagem_perfil": "https://randomuser.me/api/portraits/men/21.jpg"
  },
  {
    "nome": "Tatiana Borges",
    "comentario": "Design limpo e funcionalidades bem distribuídas. Muito bem executado!",
    "imagem_perfil": "https://randomuser.me/api/portraits/women/22.jpg"
  },
  {
    "nome": "Juliano César",
    "comentario": "Sistema eficiente e bem organizado. Recomendo para empresas de todos os tamanhos.",
    "imagem_perfil": "https://randomuser.me/api/portraits/men/22.jpg"
  },
  {
    "nome": "Aline Guerreiro",
    "comentario": "Excelente experiência! A curva de aprendizado é muito baixa.",
    "imagem_perfil": "https://randomuser.me/api/portraits/women/23.jpg"
  },
  {
    "nome": "Márcio Resende",
    "comentario": "Bom sistema, mas seria útil ter mais opções de backup automático.",
    "imagem_perfil": "https://randomuser.me/api/portraits/men/23.jpg"
  },
  {
    "nome": "Simone Brandão",
    "comentario": "Interface moderna e responsiva. Funciona perfeitamente em tablets.",
    "imagem_perfil": "https://randomuser.me/api/portraits/women/24.jpg"
  },
  {
    "nome": "César Augusto",
    "comentario": "Plataforma sólida e confiável. Excelente para gestão de projetos complexos.",
    "imagem_perfil": "https://randomuser.me/api/portraits/men/24.jpg"
  },
  {
    "nome": "Mônica Veloso",
    "comentario": "Muito prática e bem estruturada. Os relatórios são muito detalhados.",
    "imagem_perfil": "https://randomuser.me/api/portraits/women/25.jpg"
  },
  {
    "nome": "Igor Fonseca",
    "comentario": "Sistema bem desenvolvido, mas poderia ter mais customizações no dashboard.",
    "imagem_perfil": "https://randomuser.me/api/portraits/men/25.jpg"
  },
  {
    "nome": "Letícia Miranda",
    "comentario": "Adorei a facilidade de uso! Interface muito intuitiva e agradável.",
    "imagem_perfil": "https://randomuser.me/api/portraits/women/26.jpg"
  },
  {
    "nome": "Antônio Carlos",
    "comentario": "Excelente plataforma! Aumentou nossa eficiência operacional drasticamente.",
    "imagem_perfil": "https://randomuser.me/api/portraits/men/26.jpg"
  },
  {
    "nome": "Bianca Nogueira",
    "comentario": "Sistema estável e bem documentado. Equipe de suporte muito atenciosa.",
    "imagem_perfil": "https://randomuser.me/api/portraits/women/27.jpg"
  },
  {
    "nome": "Renato Farias",
    "comentario": "Boa ferramenta, mas seria interessante ter mais opções de temas visuais.",
    "imagem_perfil": "https://randomuser.me/api/portraits/men/27.jpg"
  },
  {
    "nome": "Luciana Paiva",
    "comentario": "Interface elegante e funcional. Muito fácil de navegar e encontrar informações.",
    "imagem_perfil": "https://randomuser.me/api/portraits/women/28.jpg"
  },
  {
    "nome": "Daniel Morais",
    "comentario": "Sistema robusto e bem otimizado. Funciona bem mesmo com grande volume de dados.",
    "imagem_perfil": "https://randomuser.me/api/portraits/men/28.jpg"
  },
  {
    "nome": "Viviane Brito",
    "comentario": "Muito satisfeita! A integração com outros sistemas é muito simples.",
    "imagem_perfil": "https://randomuser.me/api/portraits/women/29.jpg"
  },
  {
    "nome": "Fernando Aguiar",
    "comentario": "Plataforma eficiente, mas falta suporte para importação de arquivos Excel.",
    "imagem_perfil": "https://randomuser.me/api/portraits/men/29.jpg"
  },
  {
    "nome": "Eliane Macedo",
    "comentario": "Design moderno e clean. A experiência do usuário é muito bem cuidada.",
    "imagem_perfil": "https://randomuser.me/api/portraits/women/30.jpg"
  },
  {
    "nome": "Guilherme Leal",
    "comentario": "Excelente sistema! A performance é impressionante mesmo com muitos usuários.",
    "imagem_perfil": "https://randomuser.me/api/portraits/men/30.jpg"
  },
  {
    "nome": "Márcia Tavares",
    "comentario": "Muito prático e bem organizado. Recomendo para qualquer tipo de negócio.",
    "imagem_perfil": "https://randomuser.me/api/portraits/women/31.jpg"
  },
  {
    "nome": "Ricardo Vargas",
    "comentario": "Bom sistema, mas seria útil ter alertas mais personalizáveis.",
    "imagem_perfil": "https://randomuser.me/api/portraits/men/31.jpg"
  },
  {
    "nome": "Sandra Regina",
    "comentario": "Interface amigável e intuitiva. Não tivemos dificuldades na implementação.",
    "imagem_perfil": "https://randomuser.me/api/portraits/women/32.jpg"
  },
  {
    "nome": "Wesley Barros",
    "comentario": "Sistema completo e bem estruturado. Atende perfeitamente nossas demandas.",
    "imagem_perfil": "https://randomuser.me/api/portraits/men/32.jpg"
  },
  {
    "nome": "Cláudia Senna",
    "comentario": "Adorei a simplicidade! Consegui configurar tudo sem ajuda técnica.",
    "imagem_perfil": "https://randomuser.me/api/portraits/women/33.jpg"
  },
  {
    "nome": "Leonardo Gama",
    "comentario": "Plataforma sólida, mas poderia ter mais opções de relatórios customizados.",
    "imagem_perfil": "https://randomuser.me/api/portraits/men/33.jpg"
  },
  {
    "nome": "Rosana Caldeira",
    "comentario": "Sistema eficiente e bem projetado. A navegação é muito fluida.",
    "imagem_perfil": "https://randomuser.me/api/portraits/women/34.jpg"
  },
  {
    "nome": "Mateus Franco",
    "comentario": "Excelente ferramenta! Simplificou muito nossos processos internos.",
    "imagem_perfil": "https://randomuser.me/api/portraits/men/34.jpg"
  },
  {
    "nome": "Silvia Moraes",
    "comentario": "Interface moderna e bem pensada. Os controles são muito intuitivos.",
    "imagem_perfil": "https://randomuser.me/api/portraits/women/35.jpg"
  },
  {
    "nome": "Adriano Prado",
    "comentario": "Sistema robusto, mas seria bom ter mais opções de segurança avançada.",
    "imagem_perfil": "https://randomuser.me/api/portraits/men/35.jpg"
  },
  {
    "nome": "Karina Siqueira",
    "comentario": "Muito satisfeita com a qualidade! Interface limpa e funcional.",
    "imagem_perfil": "https://randomuser.me/api/portraits/women/36.jpg"
  },
  {
    "nome": "Nelson Peixoto",
    "comentario": "Plataforma eficiente e bem desenvolvida. Recomendo sem hesitação.",
    "imagem_perfil": "https://randomuser.me/api/portraits/men/36.jpg"
  },
  {
    "nome": "Denise Campos",
    "comentario": "Sistema prático e organizado. A curva de aprendizado é muito rápida.",
    "imagem_perfil": "https://randomuser.me/api/portraits/women/37.jpg"
  },
  {
    "nome": "Sérgio Batista",
    "comentario": "Boa ferramenta, mas falta integração com sistemas de pagamento.",
    "imagem_perfil": "https://randomuser.me/api/portraits/men/37.jpg"
  },
  {
    "nome": "Helena Castro",
    "comentario": "Interface elegante e bem estruturada. Muito fácil de usar.",
    "imagem_perfil": "https://randomuser.me/api/portraits/women/38.jpg"
  },
  {
    "nome": "Alan Medeiros",
    "comentario": "Sistema completo e confiável. Excelente para gestão empresarial.",
    "imagem_perfil": "https://randomuser.me/api/portraits/men/38.jpg"
  },
  {
    "nome": "Valéria Braga",
    "comentario": "Muito prática e eficiente. Os recursos são bem organizados.",
    "imagem_perfil": "https://randomuser.me/api/portraits/women/39.jpg"
  },
  {
    "nome": "Rubens Santana",
    "comentario": "Plataforma sólida, mas poderia ter mais opções de personalização visual.",
    "imagem_perfil": "https://randomuser.me/api/portraits/men/39.jpg"
  },
  {
    "nome": "Ingrid Noronha",
    "comentario": "Adorei o design! Interface moderna e muito bem acabada.",
    "imagem_perfil": "https://randomuser.me/api/portraits/women/40.jpg"
  },
  {
    "nome": "Evandro Lima",
    "comentario": "Sistema eficiente e bem otimizado. Performance excelente em todos os aspectos.",
    "imagem_perfil": "https://randomuser.me/api/portraits/men/40.jpg"
  },
  {
    "nome": "Raquel Diniz",
    "comentario": "Muito satisfeita! A usabilidade é excepcional e muito intuitiva.",
    "imagem_perfil": "https://randomuser.me/api/portraits/women/41.jpg"
  },
  {
    "nome": "Jefferson Reis",
    "comentario": "Boa plataforma, mas seria útil ter mais opções de automação.",
    "imagem_perfil": "https://randomuser.me/api/portraits/men/41.jpg"
  },
  {
    "nome": "Luciene Borba",
    "comentario": "Interface limpa e bem organizada. Muito fácil de navegar.",
    "imagem_perfil": "https://randomuser.me/api/portraits/women/42.jpg"
  },
  {
    "nome": "Fábio Nunes",
    "comentario": "Sistema robusto e confiável. Excelente para equipes grandes.",
    "imagem_perfil": "https://randomuser.me/api/portraits/men/42.jpg"
  },
  {
    "nome": "Andréa Couto",
    "comentario": "Muito prático e bem desenvolvido. Interface agradável e funcional.",
    "imagem_perfil": "https://randomuser.me/api/portraits/women/43.jpg"
  },
  {
    "nome": "Marcos Vinícius",
    "comentario": "Plataforma eficiente, mas falta suporte para múltiplos idiomas.",
    "imagem_perfil": "https://randomuser.me/api/portraits/men/43.jpg"
  },
  {
    "nome": "Suzana Lemos",
    "comentario": "Sistema estável e bem projetado. Recomendo para pequenas empresas.",
    "imagem_perfil": "https://randomuser.me/api/portraits/women/44.jpg"
  },
  {
    "nome": "Edson Matos",
    "comentario": "Excelente ferramenta! A integração com outras plataformas é muito boa.",
    "imagem_perfil": "https://randomuser.me/api/portraits/men/44.jpg"
  },
  {
    "nome": "Cristiane Porto",
    "comentario": "Interface moderna e bem acabada. Muito fácil de aprender.",
    "imagem_perfil": "https://randomuser.me/api/portraits/women/45.jpg"
  },
  {
    "nome": "Hamilton Cruz",
    "comentario": "Sistema completo, mas seria bom ter mais templates prontos.",
    "imagem_perfil": "https://randomuser.me/api/portraits/men/45.jpg"
  },
  {
    "nome": "Claudete Silva",
    "comentario": "Muito satisfeita com a qualidade! Interface limpa e organizada.",
    "imagem_perfil": "https://randomuser.me/api/portraits/women/46.jpg"
  },
  {
    "nome": "Wanderson Assis",
    "comentario": "Plataforma sólida e bem estruturada. Atende nossas expectativas.",
    "imagem_perfil": "https://randomuser.me/api/portraits/men/46.jpg"
  },
  {
    "nome": "Solange Ávila",
    "comentario": "Sistema prático e eficiente. A navegação é muito intuitiva.",
    "imagem_perfil": "https://randomuser.me/api/portraits/women/47.jpg"
  },
  {
    "nome": "Rogério Bonfim",
    "comentario": "Boa ferramenta, mas poderia ter notificações mais detalhadas.",
    "imagem_perfil": "https://randomuser.me/api/portraits/men/47.jpg"
  },
  {
    "nome": "Marta Ribas",
    "comentario": "Interface elegante e bem pensada. Muito fácil de usar.",
    "imagem_perfil": "https://randomuser.me/api/portraits/women/48.jpg"
  },
  {
    "nome": "Valter Godoy",
    "comentario": "Sistema robusto e confiável. Excelente para gestão de dados.",
    "imagem_perfil": "https://randomuser.me/api/portraits/men/48.jpg"
  },
  {
    "nome": "Tereza Muniz",
    "comentario": "Muito prática e bem organizada. Recomendo para todos.",
    "imagem_perfil": "https://randomuser.me/api/portraits/women/49.jpg"
  },
  {
    "nome": "Orlando Viana",
    "comentario": "Plataforma eficiente, mas seria útil ter mais opções de backup.",
    "imagem_perfil": "https://randomuser.me/api/portraits/men/49.jpg"
  },
  {
    "nome": "Luiza Freire",
    "comentario": "Sistema estável e bem desenvolvido. Interface muito agradável.",
    "imagem_perfil": "https://randomuser.me/api/portraits/women/50.jpg"
  },
  {
    "nome": "Geraldo Figueira",
    "comentario": "Excelente plataforma! Simplificou muito nossos processos.",
    "imagem_perfil": "https://randomuser.me/api/portraits/men/50.jpg"
  },
  {
    "nome": "Neusa Roque",
    "comentario": "Interface limpa e moderna. Muito fácil de navegar e usar.",
    "imagem_perfil": "https://randomuser.me/api/portraits/women/51.jpg"
  },
  {
    "nome": "Raimundo Leite",
    "comentario": "Sistema completo, mas falta integração com redes sociais.",
    "imagem_perfil": "https://randomuser.me/api/portraits/men/51.jpg"
  },
  {
    "nome": "Conceição Amaral",
    "comentario": "Muito satisfeita! A usabilidade é excepcional e bem pensada.",
    "imagem_perfil": "https://randomuser.me/api/portraits/women/52.jpg"
  },
  {
    "nome": "Ailton Cardoso",
    "comentario": "Plataforma sólida e bem estruturada. Recomendo sem dúvidas.",
    "imagem_perfil": "https://randomuser.me/api/portraits/men/52.jpg"
  }
]