[
  {
    "nome": "Carlos Silva",
    "comentario": "Muito bom o sistema, bem rápido!",
    "imagem_perfil": "https://randomuser.me/api/portraits/men/1.jpg"
  },
  {
    "nome": "Ana Santos",
    "comentario": "Interface simples, gostei bastante.",
    "imagem_perfil": "https://randomuser.me/api/portraits/women/2.jpg"
  },
  {
    "nome": "Roberto Lima",
    "comentario": "Ainda precisa melhorar no carregamento.",
    "imagem_perfil": "https://randomuser.me/api/portraits/men/3.jpg"
  },
  {
    "nome": "Maria Oliveira",
    "comentario": "Fácil de usar, parabéns!",
    "imagem_perfil": "https://randomuser.me/api/portraits/women/4.jpg"
  },
  {
    "nome": "João Costa",
    "comentario": "Não consegui recuperar minha senha.",
    "imagem_perfil": "https://randomuser.me/api/portraits/men/5.jpg"
  },
  {
    "nome": "Patricia Alves",
    "comentario": "Curti o design da tela inicial.",
    "imagem_perfil": "https://randomuser.me/api/portraits/women/6.jpg"
  },
  {
    "nome": "Fernando Souza",
    "comentario": "Achei um pouco confuso o cadastro.",
    "imagem_perfil": "https://randomuser.me/api/portraits/men/7.jpg"
  },
  {
    "nome": "Luciana Pereira",
    "comentario": "Excelente ferramenta, recomendo.",
    "imagem_perfil": "https://randomuser.me/api/portraits/women/8.jpg"
  },
  {
    "nome": "Rafael Mendes",
    "comentario": "Rodou liso no meu celular.",
    "imagem_perfil": "https://randomuser.me/api/portraits/men/9.jpg"
  },
  {
    "nome": "Camila Torres",
    "comentario": "Demorou um pouco para carregar as imagens.",
    "imagem_perfil": "https://randomuser.me/api/portraits/women/10.jpg"
  },
  {
    "nome": "Diego Martins",
    "comentario": "Atendimento via chat funciona bem.",
    "imagem_perfil": "https://randomuser.me/api/portraits/men/11.jpg"
  },
  {
    "nome": "Juliana Rocha",
    "comentario": "Podia ter um modo escuro.",
    "imagem_perfil": "https://randomuser.me/api/portraits/women/12.jpg"
  },
  {
    "nome": "Eduardo Barbosa",
    "comentario": "Gostei do efeito nos botões.",
    "imagem_perfil": "https://randomuser.me/api/portraits/men/13.jpg"
  },
  {
    "nome": "Priscila Dias",
    "comentario": "Acho que deveria ter mais atalhos.",
    "imagem_perfil": "https://randomuser.me/api/portraits/women/14.jpg"
  },
  {
    "nome": "Gustavo Ferreira",
    "comentario": "Muito bom para organizar minhas tarefas.",
    "imagem_perfil": "https://randomuser.me/api/portraits/men/15.jpg"
  },
  {
    "nome": "Isabela Castro",
    "comentario": "Design bem moderno, gostei!",
    "imagem_perfil": "https://randomuser.me/api/portraits/women/16.jpg"
  },
  {
    "nome": "Marcos Ribeiro",
    "comentario": "Tive problema no login, mas já resolvi.",
    "imagem_perfil": "https://randomuser.me/api/portraits/men/17.jpg"
  },
  {
    "nome": "Renata Gomes",
    "comentario": "Cadastro rápido e sem complicação.",
    "imagem_perfil": "https://randomuser.me/api/portraits/women/18.jpg"
  },
  {
    "nome": "Thiago Neves",
    "comentario": "Sistema intuitivo, não precisei de tutorial.",
    "imagem_perfil": "https://randomuser.me/api/portraits/men/19.jpg"
  },
  {
    "nome": "Bruna Araújo",
    "comentario": "Ótima performance no notebook.",
    "imagem_perfil": "https://randomuser.me/api/portraits/women/20.jpg"
  },
  {
    "nome": "André Cardoso",
    "comentario": "No celular ficou meio travado.",
    "imagem_perfil": "https://randomuser.me/api/portraits/men/21.jpg"
  },
  {
    "nome": "Vanessa Moreira",
    "comentario": "Gostaria de mais opções de personalização.",
    "imagem_perfil": "https://randomuser.me/api/portraits/women/22.jpg"
  },
  {
    "nome": "Leonardo Cunha",
    "comentario": "Muito prático para o dia a dia.",
    "imagem_perfil": "https://randomuser.me/api/portraits/men/23.jpg"
  },
  {
    "nome": "Fernanda Lopes",
    "comentario": "Curti o efeito vidro nos cards.",
    "imagem_perfil": "https://randomuser.me/api/portraits/women/24.jpg"
  },
  {
    "nome": "Gabriel Machado",
    "comentario": "Achei que faltam notificações em tempo real.",
    "imagem_perfil": "https://randomuser.me/api/portraits/men/25.jpg"
  },
  {
    "nome": "Tatiana Reis",
    "comentario": "Excelente ideia, continuem assim!",
    "imagem_perfil": "https://randomuser.me/api/portraits/women/26.jpg"
  },
  {
    "nome": "Bruno Xavier",
    "comentario": "Não funcionou no meu navegador antigo.",
    "imagem_perfil": "https://randomuser.me/api/portraits/men/27.jpg"
  },
  {
    "nome": "Daniela Freitas",
    "comentario": "Layout limpo e agradável.",
    "imagem_perfil": "https://randomuser.me/api/portraits/women/28.jpg"
  },
  {
    "nome": "Rodrigo Batista",
    "comentario": "Botão criar conta não funcionou na primeira vez.",
    "imagem_perfil": "https://randomuser.me/api/portraits/men/29.jpg"
  },
  {
    "nome": "Amanda Vieira",
    "comentario": "Achei os gráficos bem claros.",
    "imagem_perfil": "https://randomuser.me/api/portraits/women/30.jpg"
  },
  {
    "nome": "Vinícius Moura",
    "comentario": "O scroll ainda está lento.",
    "imagem_perfil": "https://randomuser.me/api/portraits/men/31.jpg"
  },
  {
    "nome": "Carla Santana",
    "comentario": "Muito fácil de navegar.",
    "imagem_perfil": "https://randomuser.me/api/portraits/women/32.jpg"
  },
  {
    "nome": "Felipe Azevedo",
    "comentario": "Recomendo para empresas pequenas.",
    "imagem_perfil": "https://randomuser.me/api/portraits/men/33.jpg"
  },
  {
    "nome": "Larissa Campos",
    "comentario": "Gostei das cores, bem suaves.",
    "imagem_perfil": "https://randomuser.me/api/portraits/women/34.jpg"
  },
  {
    "nome": "Mateus Monteiro",
    "comentario": "Testei no tablet e rodou bem.",
    "imagem_perfil": "https://randomuser.me/api/portraits/men/35.jpg"
  },
  {
    "nome": "Cristina Fonseca",
    "comentario": "Tive dificuldade em editar meu perfil.",
    "imagem_perfil": "https://randomuser.me/api/portraits/women/36.jpg"
  },
  {
    "nome": "Guilherme Teixeira",
    "comentario": "Podia ter integração com WhatsApp.",
    "imagem_perfil": "https://randomuser.me/api/portraits/men/37.jpg"
  },
  {
    "nome": "Simone Nascimento",
    "comentario": "Achei ótimo para gerenciamento de equipe.",
    "imagem_perfil": "https://randomuser.me/api/portraits/women/38.jpg"
  },
  {
    "nome": "Igor Correia",
    "comentario": "Muito bonito o design!",
    "imagem_perfil": "https://randomuser.me/api/portraits/men/39.jpg"
  },
  {
    "nome": "Elaine Miranda",
    "comentario": "Melhor que outras plataformas que já usei.",
    "imagem_perfil": "https://randomuser.me/api/portraits/women/40.jpg"
  },
  {
    "nome": "Fábio Duarte",
    "comentario": "Senti falta de um tutorial inicial.",
    "imagem_perfil": "https://randomuser.me/api/portraits/men/41.jpg"
  },
  {
    "nome": "Natália Borges",
    "comentario": "Cadastro via Google foi bem rápido.",
    "imagem_perfil": "https://randomuser.me/api/portraits/women/42.jpg"
  },
  {
    "nome": "Renato Melo",
    "comentario": "Ainda falta tradução para espanhol.",
    "imagem_perfil": "https://randomuser.me/api/portraits/men/43.jpg"
  },
  {
    "nome": "Karina Pinto",
    "comentario": "Sistema bem promissor.",
    "imagem_perfil": "https://randomuser.me/api/portraits/women/44.jpg"
  },
  {
    "nome": "César Ramos",
    "comentario": "O botão de logout não estava visível.",
    "imagem_perfil": "https://randomuser.me/api/portraits/men/45.jpg"
  },
  {
    "nome": "Bianca Nogueira",
    "comentario": "Achei os ícones bem escolhidos.",
    "imagem_perfil": "https://randomuser.me/api/portraits/women/46.jpg"
  },
  {
    "nome": "Paulo Vasconcelos",
    "comentario": "Muito prático para acompanhar resultados.",
    "imagem_perfil": "https://randomuser.me/api/portraits/men/47.jpg"
  },
  {
    "nome": "Aline Carvalho",
    "comentario": "Melhorias na velocidade seriam boas.",
    "imagem_perfil": "https://randomuser.me/api/portraits/women/48.jpg"
  },
  {
    "nome": "Leandro Guimarães",
    "comentario": "Gostei da ideia dos comentários na tela.",
    "imagem_perfil": "https://randomuser.me/api/portraits/men/49.jpg"
  },
  {
    "nome": "Mônica Silva",
    "comentario": "Muito fácil criar relatórios.",
    "imagem_perfil": "https://randomuser.me/api/portraits/women/50.jpg"
  },
  {
    "nome": "Alan Tavares",
    "comentario": "Ainda não consegui trocar minha senha.",
    "imagem_perfil": "https://randomuser.me/api/portraits/men/51.jpg"
  },
  {
    "nome": "Débora Andrade",
    "comentario": "Achei os botões grandes demais.",
    "imagem_perfil": "https://randomuser.me/api/portraits/women/52.jpg"
  },
  {
    "nome": "Henrique Porto",
    "comentario": "Curti a responsividade no celular.",
    "imagem_perfil": "https://randomuser.me/api/portraits/men/53.jpg"
  },
  {
    "nome": "Raquel Medeiros",
    "comentario": "As animações são leves e bonitas.",
    "imagem_perfil": "https://randomuser.me/api/portraits/women/54.jpg"
  },
  {
    "nome": "Alexandre Siqueira",
    "comentario": "O suporte respondeu rápido.",
    "imagem_perfil": "https://randomuser.me/api/portraits/men/55.jpg"
  },
  {
    "nome": "Patrícia Bastos",
    "comentario": "Cadastro simples, em menos de 1 minuto.",
    "imagem_perfil": "https://randomuser.me/api/portraits/women/56.jpg"
  },
  {
    "nome": "Márcio Evangelista",
    "comentario": "Interface bem organizada.",
    "imagem_perfil": "https://randomuser.me/api/portraits/men/57.jpg"
  },
  {
    "nome": "Vera Lucena",
    "comentario": "Senti falta de um campo de ajuda.",
    "imagem_perfil": "https://randomuser.me/api/portraits/women/58.jpg"
  },
  {
    "nome": "Danilo Aragão",
    "comentario": "Muito útil para o meu trabalho.",
    "imagem_perfil": "https://randomuser.me/api/portraits/men/59.jpg"
  },
  {
    "nome": "Claudia Macedo",
    "comentario": "A navegação foi tranquila.",
    "imagem_perfil": "https://randomuser.me/api/portraits/women/60.jpg"
  },
  {
    "nome": "Edson Farias",
    "comentario": "Ainda tem pequenos bugs.",
    "imagem_perfil": "https://randomuser.me/api/portraits/men/61.jpg"
  },
  {
    "nome": "Suzana Barros",
    "comentario": "O sistema travou uma vez, mas voltou.",
    "imagem_perfil": "https://randomuser.me/api/portraits/women/62.jpg"
  },
  {
    "nome": "William Pacheco",
    "comentario": "Gostei do estilo minimalista.",
    "imagem_perfil": "https://randomuser.me/api/portraits/men/63.jpg"
  },
  {
    "nome": "Jéssica Morais",
    "comentario": "Os cards ficaram lindos!",
    "imagem_perfil": "https://randomuser.me/api/portraits/women/64.jpg"
  },
  {
    "nome": "Anderson Brito",
    "comentario": "O campo de busca podia ser melhor.",
    "imagem_perfil": "https://randomuser.me/api/portraits/men/65.jpg"
  },
  {
    "nome": "Lívia Coelho",
    "comentario": "Muito funcional no dia a dia.",
    "imagem_perfil": "https://randomuser.me/api/portraits/women/66.jpg"
  },
  {
    "nome": "Hugo Marques",
    "comentario": "Podia ter mais relatórios prontos.",
    "imagem_perfil": "https://randomuser.me/api/portraits/men/67.jpg"
  },
  {
    "nome": "Adriana Cavalcanti",
    "comentario": "Fácil de compartilhar informações.",
    "imagem_perfil": "https://randomuser.me/api/portraits/women/68.jpg"
  },
  {
    "nome": "Nelson Gurgel",
    "comentario": "Achei a tipografia bem legível.",
    "imagem_perfil": "https://randomuser.me/api/portraits/men/69.jpg"
  },
  {
    "nome": "Sabrina Valle",
    "comentario": "Interface moderna, parabéns.",
    "imagem_perfil": "https://randomuser.me/api/portraits/women/70.jpg"
  },
  {
    "nome": "Everton Magalhães",
    "comentario": "Precisa melhorar o carregamento de imagens.",
    "imagem_perfil": "https://randomuser.me/api/portraits/men/71.jpg"
  },
  {
    "nome": "Tânia Coutinho",
    "comentario": "Ótima usabilidade!",
    "imagem_perfil": "https://randomuser.me/api/portraits/women/72.jpg"
  },
  {
    "nome": "Júlio Bezerra",
    "comentario": "Não encontrei a opção de excluir conta.",
    "imagem_perfil": "https://randomuser.me/api/portraits/men/73.jpg"
  },
  {
    "nome": "Silvia Estrela",
    "comentario": "Achei simples e rápido.",
    "imagem_perfil": "https://randomuser.me/api/portraits/women/74.jpg"
  },
  {
    "nome": "Roberto Sampaio",
    "comentario": "Muito bom o efeito de comentários subindo.",
    "imagem_perfil": "https://randomuser.me/api/portraits/men/75.jpg"
  },
  {
    "nome": "Márcia Caldeira",
    "comentario": "A navegação entre páginas é suave.",
    "imagem_perfil": "https://randomuser.me/api/portraits/women/76.jpg"
  },
  {
    "nome": "Fausto Leal",
    "comentario": "Podia ter mais temas de cores.",
    "imagem_perfil": "https://randomuser.me/api/portraits/men/77.jpg"
  },
  {
    "nome": "Célia Bezerra",
    "comentario": "Gostei da barra lateral, bem funcional.",
    "imagem_perfil": "https://randomuser.me/api/portraits/women/78.jpg"
  },
  {
    "nome": "Douglas Sena",
    "comentario": "Precisa de integração com Excel.",
    "imagem_perfil": "https://randomuser.me/api/portraits/men/79.jpg"
  },
  {
    "nome": "Sheila Pessoa",
    "comentario": "Sistema bem seguro, gostei.",
    "imagem_perfil": "https://randomuser.me/api/portraits/women/80.jpg"
  },
  {
    "nome": "Sérgio Caldas",
    "comentario": "Cadastro automático foi útil.",
    "imagem_perfil": "https://randomuser.me/api/portraits/men/81.jpg"
  },
  {
    "nome": "Regina Cabral",
    "comentario": "Achei que o botão estava escondido.",
    "imagem_perfil": "https://randomuser.me/api/portraits/women/82.jpg"
  },
  {
    "nome": "Otávio Maia",
    "comentario": "Muito leve para rodar no navegador.",
    "imagem_perfil": "https://randomuser.me/api/portraits/men/83.jpg"
  },
  {
    "nome": "Solange Montanha",
    "comentario": "Melhor que outros que testei.",
    "imagem_perfil": "https://randomuser.me/api/portraits/women/84.jpg"
  },
  {
    "nome": "Caio Lira",
    "comentario": "Ainda falta exportar em PDF.",
    "imagem_perfil": "https://randomuser.me/api/portraits/men/85.jpg"
  },
  {
    "nome": "Rosana Galvão",
    "comentario": "Recomendo para iniciantes.",
    "imagem_perfil": "https://randomuser.me/api/portraits/women/86.jpg"
  },
  {
    "nome": "Emerson Veiga",
    "comentario": "Muito bonito visualmente.",
    "imagem_perfil": "https://randomuser.me/api/portraits/men/87.jpg"
  },
  {
    "nome": "Glória Veloso",
    "comentario": "Achei um pouco carregado de informações.",
    "imagem_perfil": "https://randomuser.me/api/portraits/women/88.jpg"
  },
  {
    "nome": "Cláudio Bernardes",
    "comentario": "Gostei da rapidez para salvar dados.",
    "imagem_perfil": "https://randomuser.me/api/portraits/men/89.jpg"
  },
  {
    "nome": "Lúcia Quaresma",
    "comentario": "As transições ficaram muito boas.",
    "imagem_perfil": "https://randomuser.me/api/portraits/women/90.jpg"
  },
  {
    "nome": "Reginaldo Paranhos",
    "comentario": "Melhorias constantes são sempre bem-vindas.",
    "imagem_perfil": "https://randomuser.me/api/portraits/men/91.jpg"
  },
  {
    "nome": "Inês Bispo",
    "comentario": "Layout agradável aos olhos.",
    "imagem_perfil": "https://randomuser.me/api/portraits/women/92.jpg"
  },
  {
    "nome": "Gilberto Rodrigues",
    "comentario": "Achei fácil compartilhar relatórios.",
    "imagem_perfil": "https://randomuser.me/api/portraits/men/93.jpg"
  },
  {
    "nome": "Marta Alcântara",
    "comentario": "Podia ter suporte a vários idiomas.",
    "imagem_perfil": "https://randomuser.me/api/portraits/women/94.jpg"
  },
  {
    "nome": "Benjamim Franco",
    "comentario": "Muito bom para acompanhar tarefas.",
    "imagem_perfil": "https://randomuser.me/api/portraits/men/95.jpg"
  },
  {
    "nome": "Conceição Barreto",
    "comentario": "Achei o sistema bem completo.",
    "imagem_perfil": "https://randomuser.me/api/portraits/women/96.jpg"
  },
  {
    "nome": "Valter Cândido",
    "comentario": "Ainda falta integração com calendário.",
    "imagem_perfil": "https://randomuser.me/api/portraits/men/97.jpg"
  },
  {
    "nome": "Denise Carmo",
    "comentario": "Gostei da personalização dos cards.",
    "imagem_perfil": "https://randomuser.me/api/portraits/women/98.jpg"
  },
  {
    "nome": "Wagner Lobo",
    "comentario": "Muito útil para organizar projetos.",
    "imagem_perfil": "https://randomuser.me/api/portraits/men/99.jpg"
  },
  {
    "nome": "Ivone Sales",
    "comentario": "Excelente experiência de usuário!",
    "imagem_perfil": "https://randomuser.me/api/portraits/women/100.jpg"
  }
]